{
  "loss": [
    1.1870338916778564,
    0.9823970794677734,
    0.9650189876556396,
    0.8982964754104614,
    0.8831843137741089,
    0.8483690023422241,
    0.8216294050216675,
    0.7790589332580566,
    0.7811006307601929,
    0.7598222494125366,
    0.7496674060821533,
    0.74079430103302,
    0.7720538377761841,
    0.7408435344696045,
    0.7535218000411987,
    0.7532403469085693,
    0.7809469699859619,
    0.7576186656951904,
    0.7616866827011108,
    0.7355532646179199,
    0.7653083205223083,
    0.7494913339614868,
    0.7517113089561462,
    0.7596009969711304,
    0.7380446195602417,
    0.7414771914482117,
    0.7588514089584351,
    0.758487343788147,
    0.7453272342681885,
    0.7581945657730103,
    0.739251971244812,
    0.7404968738555908,
    0.7414166927337646,
    0.7468886375427246,
    0.730811357498169,
    0.7573572397232056,
    0.730847954750061,
    0.7365131378173828,
    0.7324522733688354,
    0.7470369338989258
  ],
  "avg_tour": [
    3.9777318049349373,
    3.5545255423052886,
    4.206748674396293,
    3.514918160610964,
    4.443045254575216,
    3.874795938752057,
    3.746860022389197,
    4.044554883372008,
    4.309315057521822,
    4.269450961573705,
    3.8302976521735705,
    3.645244556537852,
    4.128981123351176,
    4.035474163966587,
    3.771471533579609,
    3.902789834422701,
    3.7751851969669,
    4.135905275428955,
    3.688661914734607,
    3.958949474848888,
    3.839218049902045,
    4.336012415682322,
    4.077292935906799,
    3.986610684641514,
    3.9005741125539375,
    3.6116217318835577,
    4.003234107999033,
    4.377436761023693,
    3.982940408372218,
    4.263973905731872,
    4.0197543597363525,
    4.004210258369262,
    4.258924263974567,
    4.067269062843971,
    3.5533960977854284,
    4.150907389959833,
    3.7820764117447565,
    3.8413105256778595,
    3.7067334749885816,
    3.9650510747878545
  ]
}