{
  "loss": [
    1.00201416015625,
    0.998852014541626,
    0.9976686239242554,
    0.9911472797393799,
    0.9871209859848022,
    0.984874963760376,
    0.984657347202301,
    0.9741771221160889,
    0.9713136553764343,
    0.9654819369316101,
    0.9560309648513794,
    0.9525812864303589,
    0.9371423125267029,
    0.9242017269134521,
    0.8685603141784668,
    0.9371447563171387,
    0.8919384479522705,
    0.8669265508651733,
    0.8326988220214844,
    0.8230562806129456,
    0.7819910049438477,
    0.7640899419784546
  ],
  "avg_tour": [
    13.05463929592134,
    5.747220530925906,
    5.3306457749183505,
    3.996428586201578,
    4.928984042830139,
    4.5928073558851565,
    4.907815810532014,
    4.862953873713594,
    5.189075325159655,
    4.681474444787442,
    4.776901820238933,
    5.012091308203642,
    6.372891594392477,
    5.234279327960579,
    6.45059883217981,
    6.926208372840326,
    6.746041436814634,
    6.800434952831086,
    6.944486806334883,
    7.769916531349029,
    7.71903258147414,
    8.259871113590624
  ]
}